<?xml version="1.0"?>
<skin version="1.0" name="facebook" author="Joe">

	<settings>
		<setting name="backcolor" value="0xFFFFFF" />
		<setting name="frontcolor" value="0xFFFFFF" />
		<setting name="lightcolor" value="0x000000" />
		<setting name="screencolor" value="0x000000" />
	</settings>

	<components>
		<component name="controlbar">
			<settings>
				<setting name="margin" value="0" />
				<setting name="fontsize" value="11" />
        <setting name="fontcolor" value="#FFF" />
			</settings>

      <layout>
        <group position="left">
          <button name="play" />
          <divider />
          <text name="elapsed" />
        </group>
        <group position="center">
          <slider name="time" />
        </group>
        <group position="right">
          <text name="duration" />
          <divider />
          <button name="blank" />
          <divider />
          <button name="mute" />
          <slider name="volume" />
          <divider />
          <button name="fullscreen" />
        </group>
      </layout>

			<elements>
				<element name="background" src="background.png" />
				<element name="capLeft" src="_capLeft.png" />
				<element name="capRight" src="_capRight.png" />
				<element name="shade" src="background.png" />
        <element name="divider" src="divider.png" />
				
				<element name="playButton" src="playButton.png" />
				<element name="playButtonOver" src="playButtonOver.png" />
				
				<element name="pauseButton" src="pauseButton.png" />
				<element name="pauseButtonOver" src="pauseButtonOver.png" />

        <element name="stopButton" src="stopButton.png" />
        <element name="stopButtonOver" src="stopButtonOver.png" />

        <element name="prevButton" src="prevButton.png" />
        <element name="prevButtonOver" src="prevButtonOver.png" />

        <!--<element name="timeSliderCapLeft" src="timeSliderCapLeft.png" />
        <element name="timeSliderCapRight" src="timeSliderCapRight.png" />-->
        <element name="timeSliderRail" src="timeSliderRail.png" />      							
				<element name="timeSliderBuffer" src="timeSliderBuffer.png" />
				<element name="timeSliderProgress" src="timeSliderProgress.png" />
				<element name="timeSliderThumb" src="timeSliderThumb.png" />
				
				<element name="volumeSliderRail" src="volumeSliderRail.png" />
				<element name="volumeSliderBuffer" src="volumeSliderBuffer.png" />
				<element name="volumeSliderProgress" src="volumeSliderProgress.png" />

				<element name="nextButton" src="nextButton.png" />
				<element name="nextButtonOver" src="nextButtonOver.png" />
        
        <element name="muteButton" src="muteButton.png" />
        <element name="muteButtonOver" src="muteButtonOver.png" />
        <element name="unmuteButton" src="unmuteButton.png" />
        <element name="unmuteButtonOver" src="unmuteButtonOver.png" />
        
        <element name="volumeSliderRail" src="volumeSliderRail.png" />
        <element name="volumeSliderProgress" src="volumeSliderProgress.png" />
        <element name="volumeSliderThumb" src="volumeSliderThumb.png" />

        <element name="fullscreenButton" src="fullscreenButton.png" />
        <element name="fullscreenButtonOver" src="fullscreenButtonOver.png" />
        <element name="normalscreenButton" src="normalscreenButton.png" />
        <element name="normalscreenButtonOver" src="normalscreenButtonOver.png" />

      
				
				
			</elements>
		</component>
		
		<component name="display">
			<elements>
				<element name="background" src="background.png" />
				<element name="playIcon" src="playIcon.png" />
				<element name="muteIcon" src="muteIcon.png" />
				<element name="errorIcon" src="errorIcon.png" />
				<element name="bufferIcon" src="bufferIcon.png" />
			</elements>
		</component>
		
		<component name="dock">
			<elements>
				<element name="button" src="button.png" />
				<element name="buttonOver" src="button.png" />
			</elements>
		</component>
		
		<component name="playlist">
			<elements>
				<element name="item" src="item.png" />
				<element name="itemOver" src="itemOver.png" />
				<element name="sliderRail" src="sliderRail.png" />
				<element name="sliderThumb" src="sliderThumb.png" />
			</elements>
		</component>
	</components>

</skin>